2306023207728849917;029 Alexander Lock New Patrickhaven, MN 49284;10000009
2306810853473782938;05938 Neal Villages North Paula, KS 32073;10000014
2309727989338975448;976 Ramirez Keys Suite 948 Mayoton, ND 89231;10000019
2310640855812136876;24742 Julia Circles Apt. 581 Lake Christopher, OK 65026;10000026
2310775583820093658;Unit 8205 Box 7923 DPO AE 87087;10000035
2310963621812988741;2489 Devon Meadow North Nathanside, MP 39238;10000041
2311825964939470496;753 Cobb Forge Loganchester, IL 44217;10000048
2313248238301377523;397 White Square Apt. 682 Anthonyport, RI 96846;10000053
2313812394444611930;59040 Miles Lakes Suite 634 Samanthahaven, OH 58987;10000058
2316174829953653989;45291 Gutierrez Common East Jackchester, WY 75411;10000066
2316457716301692953;331 Robinson Stravenue East Adamchester, TX 86522;10000074
2318736934514337930;PSC 4371, Box 4668 APO AE 56920;10000082
2318975267345527248;28832 Kyle Brooks Josephview, NV 90875;10000089
2319549453632645848;62955 Hardy Lock Suite 606 West Luisborough, NY 63757;10000097
2321749469409887038;1764 Christina Lodge Apt. 965 Phillipfort, AR 23893;10000104
2321895890472566389;USNV Jones FPO AP 17182;10000110
2322945173757263535;4821 Tracey Neck Suite 609 West Peterville, OK 58978;10000115
2324736527408915359;4996 Bobby Well Apt. 310 New Tinaborough, LA 58845;10000120
2325961688489395697;24092 Robinson Key Suite 084 New Joshuafort, GU 95295;10000128
2328782389516438679;560 Catherine Way Suite 946 Shannonside, MT 72350;10000135
2329479526468667459;1022 Michael Brook Suite 584 North Amanda, ND 78424;10000141
2330887451172985457;0708 Thomas Radial Sharonburgh, FL 89783;10000147
2330922347795371702;39899 Daniel Ferry North Jose, MA 19012;10000156
2331352525645350256;4948 Parker Hollow Johnborough, SD 64429;10000161
2332007811164944599;4433 Kenneth Streets North Michaelland, KS 59302;10000166
2332559999374451712;7896 Brown Ford Suite 809 Lake Cynthiachester, RI 96850;10000174
2336934668150746469;260 Julie Harbors Smithborough, MS 43970;10000183
2337126955382384784;21468 Heather Keys Suite 563 East Danafurt, PR 08411;10000190
2337623824182623301;56624 Lee Avenue West Sarah, KY 98826;10000198
2337705328505750553;75958 David Spur Christophermouth, VI 56263;10000207
2338666479539633468;258 Gibbs Road Hernandezberg, CO 47032;10000213
2338704303351757604;61883 Seth Ville Apt. 819 Waltonfort, WI 50667;10000218
2340102544104632120;444 Harris Mission Apt. 054 East Katiechester, VT 31234;10000227
2341751605913550682;9566 White Mountain North Ronald, PA 67321;10000232
2342388788636980077;833 Dana Circles Suite 183 Brownfort, VI 06374;10000240
2346721144039611947;3320 Cynthia View East James, DE 68219;10000246
2346878010141100621;Unit 3300 Box 9529 DPO AE 64379;10000253
2347802697440932735;81100 Mcdowell Branch New Bruce, TX 03342;10000259
2348721477824406644;93331 Rebecca Cape Apt. 146 Harrismouth, SC 48271;10000265
2348942416342768423;692 Perez Shores Apt. 419 East Ruben, OR 69567;10000272
2349524434551977803;36560 Ellis Expressway North Marystad, WY 40280;10000278
2350334696859662039;99433 Shawn Garden East Michealbury, MO 82594;10000287
2353354419125032081;PSC 8263, Box 0959 APO AE 42348;10000295
2354026131950020719;891 Garner Turnpike Ryanfort, NY 64168;10000302
2354216374419010811;USS Burgess FPO AA 50007;10000311
2355758057313901272;22657 Regina Plaza Jamesmouth, OR 37108;10000317
2357668979577521354;881 Angela Alley Apt. 782 Reedborough, OH 54113;10000326
2358204179294479915;185 Larsen Crest Lake Emilyfort, AK 97729;10000334
2358540873480180331;4879 Marcus Mountain East Johnnyside, MD 80090;10000341
2358893305664199428;2991 Charles Centers Donaldfort, NY 07962;10000349
2359476335016037364;29060 Hoffman Loaf Reyesville, DC 09698;10000357
2363696524442031341;6247 Noah Cliff South Gregory, MP 97993;10000364
2364998540732401713;USNV Hill FPO AE 60990;10000372
2366154764889934129;Unit 5368 Box 3180 DPO AE 23266;10000379
2368496035727536187;4394 Jacob Road Apt. 136 East Jenniferland, KS 84064;10000385
2368572009799591995;7102 Stephanie Plaza Suite 879 Lake Bradleymouth, NE 98528;10000393
2368769033014241618;55608 Alexis Bridge Suite 936 South Dale, UT 01464;10000399
2369460287397402948;4392 Bennett Fall North Anaberg, NH 74768;10000408
2369620120807619768;4170 Salazar Divide Suite 383 Manntown, GU 47618;10000417
2372101851859543661;35565 Amanda Dam Suite 275 Kendrabury, NV 31618;10000425
2374911677938320439;496 Kevin Radial Stephenport, SC 56924;10000431
2376541374984745671;6249 Meyers Burg Sanchezview, CA 26228;10000437
2378303414227997333;2953 Mendoza Neck East Mary, ID 62978;10000442
2378451132084823098;19392 Christopher Plains South Christina, AL 24665;10000449
2379256481469555108;512 Samantha Ridges Lake Colleenchester, OK 65176;10000457
2379370906473106636;4305 Medina Summit Apt. 889 North Georgefurt, IA 07453;10000465
2384747491748374551;0391 Phillip Throughway Rangelview, MS 41328;10000474
2385619310249694398;082 Robinson Haven Bonniemouth, CT 98918;10000483
2387564594372274705;64615 White Corners Suite 116 North Michael, ID 29717;10000492
2387730448027865859;72235 Chelsea Greens New Paige, CO 48821;10000499
2388235305930695783;3125 Pennington Crest Port Matthewberg, CT 56671;10000506
2388834236111438040;065 Christine Prairie Suite 004 Romeromouth, AS 41289;10000514
2391038644902768330;836 Howell Manor Apt. 438 New Michael, PR 66531;10000522
2393568237322102170;074 Katherine Forks Lake Josephfurt, AL 63767;10000527
2396428311425827817;620 Richard Keys Suite 237 West Peter, NJ 09153;10000534
2397079431417503679;49582 Christopher Plain East Michael, MO 01787;10000539
2397421370102856530;2526 Richards Landing Suite 593 New Brian, FL 38925;10000544
2397867425220866898;138 Stacy Pine Mooreside, GU 78833;10000551
2401608744195402274;7166 Long Isle North Dennis, FM 78459;10000558
2403480227602358937;058 Santos Meadow Apt. 613 West Maria, WV 19068;10000567
2405450048384462850;4988 Moore Estates Morrisfort, PR 26907;10000576
2405922849435529140;384 Bailey Extensions Suite 587 Anthonymouth, WI 18830;10000584
2406948536886080727;092 Brandi Mews East Rachel, TN 87167;10000592
2408270569697770878;44669 Derek Lane Apt. 114 North William, GA 47652;10000600
2409474473985163112;746 Adams Creek Suite 346 Timothyfort, MP 18866;10000609
2410578942706236552;230 Stephanie Pike Apt. 961 Lambertburgh, OK 26527;10000616
2412595037671052628;7147 Smith Park Suite 736 Aaronmouth, SD 90673;10000623
2412852106595394470;93234 Romero Ville Hannahmouth, AL 68621;10000630
2416206166203645483;803 Andrea Flat Jacobsland, AS 52507;10000637
2416394926010131030;14844 Alexandra Mall South Peterstad, ID 01111;10000645
2416765869749055842;318 Cole Points Suite 331 Theresaburgh, KY 55180;10000650
2417997574652977105;7811 Sara Overpass Cameronborough, MD 18783;10000657
2418870821514564082;737 Steven Shore Apt. 631 Andersonmouth, MI 19953;10000666
2419306176130295768;1379 Arnold Ville East Brentport, VA 16410;10000674
2419482274405205485;820 Smith Trace North Jaymouth, HI 19509;10000682
2420394417775861374;USCGC Pratt FPO AA 00568;10000691
2420441440614476558;130 Johnson Mills East Jerryfort, NE 71871;10000697
2421051594077235863;9560 Dana Square Suite 030 New Maria, AR 60554;10000702
2421203918787560418;616 Rose Manors Apt. 033 Jacksonbury, AZ 96396;10000711
2421573719232572213;58044 Evans Courts Apt. 126 New Scottfurt, MI 46552;10000719
2422698219502719620;2143 Patricia Motorway Apt. 421 Portermouth, AK 23891;10000728
2423761387363157088;67382 Brian Extensions Apt. 455 Williamfurt, CT 41529;10000734
2424310949314870782;105 Gloria Motorway Suite 927 Danielhaven, AZ 99208;10000742
2424515410304471606;8103 Kendra Drives Phillipsview, KS 89646;10000747
2425431076341413659;740 Moore River Apt. 520 Jasonmouth, TX 43226;10000752
2425956617946196676;99967 Samuel Shores Fuentesside, AL 47945;10000760
2426312964062251934;7469 Kane Mountains Suite 400 Allenville, VT 79202;10000767
2428142125078667614;79091 Gregory Islands Port Paulstad, VA 79778;10000775
2430358348741708182;12875 Flowers Square Robinshire, PW 52392;10000782
2432774704258517544;5985 Moss Ports Apt. 464 Mccarthyburgh, RI 29685;10000790
2434719247453884987;208 Amanda Canyon Whitemouth, MO 07150;10000795
2435550437500333178;PSC 9369, Box 9225 APO AA 30927;10000804
2438946240127832239;980 Meagan Ville Suite 492 Mccormickfort, VT 53471;10000809
2439689829417147302;525 Kathy Forge Suite 829 South Anthonyberg, SD 30780;10000816
2442627724712562670;394 Mcguire Expressway Apt. 939 Jorgeport, OH 47355;10000825
2443562113535830472;00627 Thomas Ranch South Cheryl, LA 45712;10000831
2444407801302718834;220 Bean Mission West Gregorymouth, MO 36629;10000839
2445484029576927517;34589 Lowe Drive Port Susanhaven, SD 51331;10000845
2451102990105295427;066 Ferguson Pass Port Anthony, DC 88925;10000852
2451311496250759434;13314 John Drive Apt. 799 Carpenterville, VT 12820;10000858
2451793549807320993;4499 Kenneth Fields Apt. 688 Reneeberg, GU 57650;10000866
2453040789618370872;5709 Stevens Isle Franklinfort, MO 35705;10000875
2453391325959161877;868 Jesus Meadow Suite 240 West Wesley, NV 56622;10000884
2454043205625176155;0863 Mary Springs South April, DE 54960;10000893
2455088999640699429;3412 Jason Center Apt. 814 West Kellyland, CT 06130;10000900
2458169668018647537;813 Michael Parkway Suite 938 Katelynchester, PR 52775;10000908
2458474077889397610;7560 Victor Pine Suite 060 Lake Larry, VA 22865;10000913
2462104920602189952;702 Decker Grove Apt. 089 Callahanhaven, MT 16704;10000922
2462324697011478933;USNV Matthews FPO AE 56777;10000929
2462349476654241886;389 Brian Plain New Ronald, WI 41422;10000936
2464115426988730976;52086 Floyd Fort Lake Devon, MH 45187;10000942
2464171701660016934;Unit 7874 Box 1636 DPO AA 57376;10000951
2464275367206383900;526 Wilson Estates East Timothy, DE 64308;10000956
2464383506882853391;421 Cooper Summit Ericmouth, GA 54771;10000965
2464584492405604089;451 Shane Meadows Suite 519 South Shannon, IA 94817;10000974
2466669870511030203;USNV Daniels FPO AE 53477;10000982
2468184452894970843;29387 Ashley Spring Apt. 722 West Michael, SC 61348;10000988
2468753993542035433;854 Adam Walks Suite 429 Jenniferstad, NM 17973;10000993
2469136657171523285;2105 Wells Mews Apt. 018 New Brenda, ME 57169;10000999
2470098253314984675;558 Goodman Lane Port Nicholaschester, MD 25984;10001007
2471359127908610504;32954 Martin Camp Suite 518 New Melissa, AK 31692;10001014
2471802651455311104;7377 Manuel Hill Port Kaylamouth, CT 71696;10001019
2472218837880269261;PSC 9165, Box 1107 APO AE 30321;10001027
2473795656963533833;524 Angela Plaza Suite 866 Johnsonton, PA 14070;10001034
2475810061808048760;7823 Terry Walks Maryfort, NJ 28617;10001042
2477368385255534170;338 Alice Mountain West Alexandra, TX 01164;10001048
2478693897612640120;7660 Smith Ramp New John, ND 95636;10001054
2481626669101455436;216 Wilson Shoal Suite 604 East Timothyfort, ND 19554;10001063
2483450671348486437;56450 Jones Trail Rogersburgh, VT 69887;10001069
2484143605437340656;990 Yu Unions Suite 450 Bennettfurt, CA 95476;10001076
2484888527968748667;6091 Judy Field Apt. 852 South Jennytown, NV 96338;10001083
2485454369208572601;42753 Crystal Mission West Kelly, DC 44745;10001091
2486847179577242096;7579 Moore Shore Apt. 862 Port Kylieport, ND 02153;10001100
2486907239743364251;1535 Simpson Inlet South Shannon, VI 44829;10001105
2487122912427826273;USNS Turner FPO AE 85395;10001114
2488588380177207699;1809 Denise Ranch Port Lisastad, CT 58444;10001123
2489604151695476323;238 John Rapids Apt. 062 Cohenfort, IL 19040;10001128
2491815167598821757;189 Ramos Shoal New Michelleside, GA 45965;10001134
2493461922496674696;91632 Wise Path West Anna, NY 57621;10001139
2496059832799066889;40698 Webb Crossing Suite 265 Robertsmouth, OR 51154;10001148
2496241786118895752;061 Jessica Courts Apt. 103 Jeffreyborough, MT 43921;10001157
2497298790565791142;263 Gilbert Plaza Lake Jason, HI 44917;10001166
2498746086013656079;866 Myers Lodge Suite 024 New Justin, TX 82220;10001172
2503762244607084757;USS Lee FPO AP 94237;10001177
2504950527358971674;6717 Todd Plaza Debrafort, NE 68924;10001183
2505293168444183413;218 Sean Shores North Jason, LA 69978;10001192
2505853661731657586;077 Hodges Port Susanhaven, WY 03109;10001200
2506098481263667150;027 Colin Canyon New Zachary, IA 96198;10001205
2507375010540209695;071 Anthony Rest Port Joseph, TX 51277;10001213
2510219441507800877;3181 Juan Village Apt. 527 South Christopherview, MI 03461;10001220
2510593565464859643;02519 Rebecca Corners Apt. 919 West Jessicahaven, AS 40684;10001226
2511277549721762369;291 Wilcox Ports Suite 643 Robinbury, WI 98832;10001232
2513410607476280151;29925 Laura Spur Suite 153 Feliciahaven, NC 37855;10001240
2513588633730838342;76789 Lester Brooks Johnathanshire, ME 48493;10001248
2514189665814710437;49360 Walsh Drives Wandaview, AR 84190;10001256
2515174764838728199;052 Jackson Points Loweborough, WA 01323;10001265
2521000716041468855;724 Wallace Mews Apt. 930 Gomezside, FL 19450;10001273
2521308714311224513;94459 Williams Ville Suite 390 Raystad, IN 37577;10001280
2521792197376002878;0238 Richard Canyon West Brenda, NE 82491;10001289
2521926997842106038;93847 Randall Fords Gallegoston, GA 25910;10001294
2522083390854359403;07374 Tonya Pass Lake Daniel, TN 65106;10001303
2523277890485051088;977 Ann Mews Robertfurt, PA 93464;10001312
2524493152194764313;322 Goodman Rapids Suite 888 Adamstad, SD 25652;10001319
2526730468491379636;194 Ortiz Avenue West Patty, MP 61496;10001325
2528783020543116811;313 Anthony Plains East Melanietown, GU 06278;10001330
2532934663260850073;0936 Osborne Fields Suite 230 Suttonfort, MI 03187;10001335
2533247668532852078;312 Judith Island Shahtown, IL 07633;10001342
2535854298846158210;369 Hartman Greens West Amberhaven, TX 67595;10001349
2536034988859933851;Unit 7094 Box 0936 DPO AP 51304;10001358
2536230777869863356;028 Debra Points Suite 285 Richardburgh, PA 29698;10001364
2537861248033869152;50528 Joseph Station Apt. 785 Lake Jennifer, OR 60933;10001371
2538411676289315581;Unit 5726 Box 1215 DPO AE 75852;10001377
2540693479057926691;PSC 0222, Box 5909 APO AE 79251;10001383
2540808945479763026;006 Durham Rapids Apt. 172 North Yolandaborough, WV 13410;10001391
2541788280495059639;53113 Rowe Crescent Apt. 314 East Jenniferborough, RI 81885;10001397
2542174016983350121;933 Peterson Extension New Christina, CT 40785;10001405
2546025157898871570;PSC 2724, Box 9433 APO AA 07636;10001413
2546839635906932102;0782 Angela Passage Apt. 525 New Briantown, AS 24184;10001422
2546953065761759310;227 Espinoza Ramp Apt. 490 East Georgeborough, AR 58640;10001430
2547500689475188648;03016 Reed Loaf South Danielleside, OH 97784;10001439
2550597168836298722;675 Graham Gardens Brettmouth, DC 57714;10001446
2550890907823399352;05816 Angela Track North Richard, NH 97998;10001452
2551101056041989198;4929 Baker Turnpike East Alexandraburgh, RI 16399;10001460
2552995902719006629;1484 Reid Rapid Apt. 632 Spencerton, PA 19912;10001465
2553034812548039121;7526 Owens Turnpike New Scott, WA 20554;10001474
2553750019058591211;0106 Cline Well North Rhondamouth, MS 60640;10001479
2553916105176826782;1914 Johnson Tunnel Reneeberg, KY 56831;10001484
2554750753150303341;6522 Eric Extension Apt. 644 Codyville, PW 89272;10001491
2555462586275555459;625 Brown Fields Beasleyton, DC 08006;10001499
2555889738990375487;981 Rachel Summit Sierrafort, TN 11494;10001507
2556904311891642088;39417 Victoria Throughway Suite 154 North Aaron, OR 16316;10001513
2556998584287148301;PSC 1471, Box 6243 APO AE 53947;10001521
2558189591236468337;USNV Duncan FPO AE 10886;10001530
2558462638398451264;688 Ortega Ridges Paulfort, GU 94315;10001539
2558943135846898889;6548 Patterson Street South Amyhaven, MD 97223;10001548
2559389954831584204;69470 Phillips Court East Tyler, MN 07791;10001554
2561163995600646293;70457 Rodriguez Estates Kennethville, MN 35366;10001560
2563035121382978833;39368 Barron Way Suite 017 Port Josephborough, OR 10283;10001566
2566056019949592867;PSC 0815, Box 6067 APO AA 13283;10001575
2567008528901514843;89530 Jennifer Villages Apt. 329 Houstonton, AL 30633;10001582
2572890933018852266;PSC 0257, Box 9092 APO AE 36667;10001590
2575243401869730648;95890 Clark Lights Suite 310 Jamiebury, GA 31109;10001597
2576719459185131432;USNV Gray FPO AP 84057;10001604
2577852308362199223;73433 Jackson Bridge Apt. 706 North Jaredstad, MS 90899;10001612
2577950873806303679;5619 Shawn Expressway Apt. 670 Reidside, MD 56898;10001621
2578609376934665124;53680 Scott Walks Baxterton, MO 21112;10001626
2578768825485871327;477 Miller Club Port John, LA 41509;10001632
2579780695493297690;803 Sanchez Views Suite 087 Lake Jerome, CT 62937;10001637
2580482348727539983;33348 Lisa Track Suite 253 East Daniel, MA 66716;10001643
2580857815269361725;55277 Jake Creek Apt. 570 East Sharonfort, VA 77663;10001652
2581298641361026201;Unit 2330 Box 2011 DPO AA 76278;10001661
2583904735673155280;04146 Morales Turnpike Apt. 213 South Evanview, NJ 81592;10001669
2583961534104028010;01195 Mary Run New Briannaburgh, MN 24770;10001674
2584076611765548969;03646 Sara Hill Harrismouth, AS 21417;10001680
2587860885759789386;68199 Matthew Cove Michellefort, PA 16646;10001689
2588659059543675843;3993 Adrienne Ford Rodriguezville, MO 21775;10001698
2588812041651662269;8875 Santiago Rest New Joseph, TX 68215;10001706
2589241857241411739;7603 Andrea Plains Apt. 143 Hortonburgh, TX 16962;10001714
2589421113202435770;7595 Hayes Bridge Pamelaside, CO 16972;10001722
2593000004231198706;73825 Jackson Route Suite 360 North Timothytown, OR 75325;10001729
2593094932123616399;769 Joel Trail Edwardston, HI 48969;10001734
2594004044737108038;58034 Robin Forges Deanview, NE 71367;10001743
2594734323273256485;82817 Barton Fork Suite 695 South Benjaminshire, KS 36460;10001749
2594954705228270971;0405 Lane Pass Apt. 313 Gabrielchester, KY 74459;10001755
2595506462984253400;85513 Vincent Island Suite 120 Lake Alexander, MS 96294;10001760
2596705383567401715;02089 Rivers Heights Apt. 064 Port April, DE 18835;10001769
2597138384175504764;23146 Kevin Ridges East Daniel, NY 20502;10001775
2598724749610851875;797 Moore Divide Victorport, SD 14156;10001781
2600778203082822337;194 Maxwell Port East Brandon, NJ 19878;10001789
2601031745478827872;966 Mark Viaduct Apt. 271 Robertview, MN 67213;10001795
2601427829245321701;6327 Craig Cape Suite 761 East Benjamin, KS 47354;10001804
2602236978721602413;0810 Davis Pike Jacobville, VI 16096;10001812
2602811703155054037;546 Jennifer Circles Apt. 249 Taylorfort, PA 89210;10001821
2605515935533829349;558 Monica Centers Apt. 685 Carlosfurt, NH 83019;10001828
2606481336202949874;2365 Ashley Crossing Suite 148 Gilberttown, WY 92074;10001835
2606929656239902723;59296 Cook Gateway Suite 506 Port Randyborough, OH 62054;10001840
2609538488623300992;671 Thomas Circle Apt. 636 Lake Michael, AR 71493;10001847
2610969155107107290;Unit 0303 Box 7290 DPO AP 71664;10001854
2611181388222341707;5418 Rebecca Ways Apt. 378 Oliviaville, IN 83000;10001861
2614142378889446524;02431 Michael Lake South Mary, ND 73516;10001868
2614934599518297576;096 Crystal Village East Mitchell, IA 32995;10001875
2615244842495697139;875 Gutierrez Corner Apt. 492 Lake Arthur, IA 24474;10001882
2615976919805831239;87045 Paige Track Whitefort, MP 37754;10001887
2617064028008063658;787 Reyes View Suite 641 East Jesse, NE 77753;10001896
2617146706804314123;3429 Campbell Way Suite 403 North Alejandroburgh, NY 29362;10001905
2619526242790946556;784 David Fall Suite 809 Lake Kimberlyside, IN 68913;10001912
2619683861681130819;27204 Pena Village Suite 318 Port Laurafurt, TX 24905;10001920
2620547734874455742;Unit 2898 Box 4548 DPO AA 39722;10001925
2621131158201393894;768 Melissa Radial Lake Timothyland, TX 86200;10001930
2621166443595164208;7567 Harper Heights Apt. 339 Tomfurt, OK 20359;10001935
2622246215388181138;077 Kennedy Inlet South Rebecca, IN 03659;10001942
2623074976697214169;38613 John Courts Suite 283 Lake April, NC 48321;10001948
2624703255741506551;215 Joshua Pine Suite 160 New Roberto, IA 51027;10001956
2625474138430933997;229 Stacey View Suite 495 Pamelahaven, NH 75439;10001965
2627200849350453773;020 Figueroa Shoal Suite 704 East Kevin, NV 53845;10001971
2627951698921360349;USS Bradley FPO AP 46855;10001977
2629563550216207262;7464 William Spring Adamston, MT 95977;10001986
2630078604465660018;40338 Bradley Burg West Dana, IL 70921;10001992
2630405571499492664;418 Jacob Mall Luceroview, AL 45973;10001999
2632204385895515142;825 Harris Ridges Apt. 745 Johnsonmouth, MS 90488;10002006
2633414796162288239;9598 Williams Oval Crystalborough, PW 03456;10002015
2634786455235137437;90257 Brittney Corners Lindseybury, MT 92059;10002020
2635025714034306034;5056 Smith Vista Jessetown, PA 65375;10002025
2638625621700289126;32943 Nicholas Light Suite 963 Angelafort, NM 28687;10002031
2638746372799940496;840 Andrea Estates Apt. 829 New Ryan, MI 81215;10002039
2638753982547208138;807 Christine View Lake William, KY 71211;10002048
2639365926815234383;6820 Leslie Coves East Damon, ID 19877;10002056
2643716588568345898;USNV Shelton FPO AE 79237;10002064
2645590460997310325;5731 Joshua Meadows Suite 028 Lake Taylor, PW 62930;10002072
2645758084865560502;8997 Barbara Shoal Lake Jamesport, IL 89729;10002079
2646933431963705077;452 Norman Ports Apt. 995 Christinaland, ID 66117;10002088
2647069512404063699;77626 Michael Burg Suite 407 Wigginschester, NE 21813;10002097
2647324305074565481;3850 Anita Glens Suite 316 Nelsonside, FM 54453;10002102
2649898467624757324;30226 James Isle Jasmineside, PA 82573;10002111
2651935378412767833;75364 Andrews Ways Suite 905 Port Barbaramouth, KY 26196;10002119
2654775669475268942;737 Evans Loop Justinmouth, MH 32204;10002126
2655281669790193897;597 Dorsey Place Suite 027 West Thomasstad, GU 79959;10002131
2656856490657648074;596 Sherry Causeway Apt. 740 West Robert, MA 55480;10002140
2658337092773957545;5207 Caitlin Summit Peterborough, NV 39890;10002149
2659107797641130077;3823 Brenda Inlet Apt. 045 Jamesview, PW 98009;10002157
2660788860862426197;56370 David Pines Port Cynthiachester, TN 81658;10002164
2661401744281626675;Unit 3141 Box 2414 DPO AP 99793;10002172
2661909912277314346;27219 Jesse Passage Suite 973 East Adamville, VI 37580;10002181
2662544294361066144;3335 Henry Loaf New Joanne, KS 05135;10002187
2663913526538421605;75210 Jeffrey Garden Bestville, MT 28084;10002196
2664256263068387800;92029 Dixon Coves Davidshire, CT 17196;10002202
2665569138415157759;483 Lisa Springs Suite 225 Frazierland, MH 27580;10002208
2666206443428109719;496 Foster Ranch Vincentborough, GU 92418;10002214
2668549775279253944;1389 Miles Parks Lauramouth, CA 03669;10002223
2668809973850603366;400 Abbott Plain Apt. 195 East Tina, WA 30928;10002230
2669039440662981949;1202 Christopher Dam West Ronald, VT 96745;10002235
2669451885275206498;5884 Nash Meadow Suite 253 Cruzland, MT 80602;10002242
2670368986850834300;38989 Wilkerson Streets Glenfurt, MP 15590;10002248
2672329438963460827;104 Krista Street Apt. 478 West Brenda, MH 84647;10002255
2672361153969228864;698 Hall Fork Suite 506 Kramerborough, AZ 53472;10002264
2672534099251461713;9677 Nathaniel Center Apt. 823 East Jack, GA 21370;10002271
2674287003112462265;6344 Holt Fork Apt. 464 South Bradleybury, TX 12222;10002279
2674503725440111414;4685 Tiffany Pines Apt. 603 Port Jacobmouth, SC 70220;10002284
2674810805387414480;0308 Bryant Valleys Apt. 979 Lake Tamara, AR 66440;10002289
2674943626941953625;90948 Willis Parkways Suite 095 North Crystalberg, UT 07247;10002294
2675226819293829239;2820 Ellis Plains Davidburgh, OH 81222;10002302
2675593741483619202;994 Jeffrey Harbors Suite 670 New Stevenshire, NE 76350;10002308
2675872508944954575;58749 Patricia Plains Daniellehaven, NV 29919;10002317
2676334713416880001;9255 Ashley Plaza Johnsonstad, OR 20761;10002324
2676597097112179278;19126 Anderson Highway Apt. 617 Jaredberg, MP 39144;10002333
2677027887224245742;PSC 2832, Box 5452 APO AA 05450;10002342
2679533740429899363;955 Alyssa Junction Suite 428 Gallaghertown, FM 02568;10002350
2681446904615268038;Unit 8157 Box 2964 DPO AE 67047;10002355
2682583096860948926;09761 Maria Path North Johnton, VT 97202;10002364
2682754322968175919;745 Leslie Port Evelynborough, UT 72151;10002372
2683265042857802675;0892 Heather Route Apt. 788 Greenhaven, HI 85184;10002377
2685746223643667436;787 David Keys Apt. 590 Port Patricia, GU 32390;10002384
2685885938990700507;28241 Sydney Cliff Apt. 658 Dawsonstad, NM 78135;10002389
2688889599888395725;00270 Gonzales Bypass Apt. 344 Port Christianfort, GA 49697;10002398
2689092502885434269;1063 Craig Plains West Matthewton, NV 76119;10002407
2690053490655570367;30403 Fox Road Suite 195 New Carrie, FM 34735;10002414
2693543735960794610;Unit 1294 Box 9443 DPO AE 56371;10002420
2694934194244701747;17397 Lamb Throughway Apt. 845 Port Sean, OR 94277;10002428
2694957349590978163;Unit 3157 Box 8295 DPO AA 82883;10002434
2695259087819108748;6869 Rivers Plain Apt. 260 West Anthony, UT 91788;10002439
2695451170644034465;4293 Washington Harbors Apt. 195 Nancyburgh, CA 78273;10002446
2695650120301707764;482 Smith Hill Mendozaborough, SC 46150;10002453
2696027933863432100;73769 Kimberly Field Kelseyport, GU 88237;10002459
2697208481922584674;331 David Extension Suite 666 West Jesse, AK 21503;10002466
2697372747309277611;04802 Knight Estates Diazland, WI 27075;10002474
2697517210768530354;492 Randy Stream Nelsonport, MS 64100;10002482
2697714271694589894;00015 Nicholas Key Apt. 604 Lake Rita, VA 51367;10002489
2699092221515356574;895 Palmer Green Lake Monica, TX 48693;10002498
2699227872120475793;00285 Rachel Fords Apt. 140 South Keithburgh, MS 33153;10002507
2699243213291397108;59983 Katie Keys Suite 742 Lake Matthewburgh, HI 94341;10002516
2699731765340960736;647 Schwartz Greens Suite 754 Loganfort, KY 03549;10002521
2702200068421999473;19380 Randy Trail Suite 802 Port Patrickbury, WV 11191;10002529
2702500793511297999;325 Gonzalez Stream South Kathryn, AR 12022;10002535
2705141549990645334;03647 Christopher Hills Suite 142 Lake Joshuaside, OR 12708;10002542
2705265018935946446;393 Thompson Turnpike Apt. 588 Brittanyton, WI 64627;10002548
2706519966917402729;35224 Vanessa Loop Apt. 858 Kellyland, NC 35362;10002554
2706545128700579689;USCGC Grant FPO AP 13968;10002560
2706698205310730036;63591 Johnson Club Gonzalesmouth, WA 86069;10002567
2706872747565953143;Unit 4742 Box 8350 DPO AA 74740;10002576
2709517245982115662;28875 Robert Pike Apt. 376 Rodriguezstad, RI 55015;10002584
2709729164094635125;479 Destiny Keys Suite 087 South Vickieborough, SD 93109;10002590
2709927087688608245;2533 Stafford Mall Suite 758 South Jeremy, MP 54285;10002597
2713486168962068216;4290 Sandra Circle North Scott, WY 74507;10002603
2714100425069204868;119 Gibbs Port Suite 660 Tracyport, NC 19322;10002609
2715432625030553991;4577 Matthew Alley Watsonfort, NV 01554;10002618
2716931379536701650;0507 Joseph View Apt. 593 New Tyler, MS 09636;10002623
2717766904028488218;7056 Montgomery Place Amyton, UT 54238;10002632
2717804866581989888;65796 Kayla Divide West Cynthiahaven, OK 61854;10002641
2717809273027710755;8689 Wright Corner Suite 704 Port Ashleefort, MI 84417;10002647
2720017190933188122;51618 Williams Canyon Apt. 176 West Kimbury, UT 92028;10002654
2720556589755310933;5700 Rita Fall Suite 160 Michaelbury, ME 23981;10002662
2721976955776736833;USS Robinson FPO AA 61853;10002671
2722087859683204527;98139 Valdez Falls Suite 108 Perezberg, KS 23795;10002677
2723788898852179665;1063 Juan Brooks Apt. 222 Hernandezstad, GU 27635;10002682
2725065880360507062;2770 Freeman Trail Suite 780 Cherylville, MD 67937;10002687
2725227098224024017;4868 Jennifer Point Suite 599 Woodston, DC 94630;10002695
2726705761244653344;PSC 8487, Box 8663 APO AA 98006;10002701
2727877265890276106;637 Sean Well Apt. 048 Port Elizabethberg, MO 08110;10002706
2728531648410337032;3462 Morris Cove Suite 596 Englishstad, WI 07007;10002712
2729721834458562133;557 Luna Stream Apt. 993 Port Keith, MD 58063;10002720
2730148751694696225;670 Adrian Springs Suite 406 East Jim, MA 27642;10002727
2731234433070464821;67338 Lisa Crest Carriebury, TX 38908;10002732
2731867318940207857;Unit 4445 Box 0426 DPO AP 58158;10002738
2732275681135247448;7406 Garrison Forge Suite 713 West Samantha, KS 47012;10002745
2732689960867124266;9336 Porter Harbors Port Bridgethaven, FM 67637;10002752
2733084286581810596;97957 Jacqueline Fields Apt. 759 Lake Alexander, LA 53467;10002757
2734097156435334411;15669 Michael Glen New Daniel, NE 56577;10002765
2736393566675901177;PSC 6846, Box 9591 APO AP 77661;10002771
2736698626949474533;542 Holder Park West Jasonchester, NE 33428;10002778
2738725241124750838;154 Moore Port Joannahaven, NC 64827;10002785
2740806504150604551;515 Mitchell Port Colinport, FM 27491;10002791
2742210487165663378;25632 Wong Prairie Suite 551 Manuelstad, MP 78553;10002797
2743629816345849546;665 James Crossroad Bryanmouth, IL 22740;10002804
2744223157089635942;137 Thomas Landing Apt. 764 Jamesbury, WI 51659;10002809
2745050985775081656;8404 Cruz Crescent Suite 666 Romerostad, IN 83992;10002818
2745313438090658581;311 Petersen Coves Charlesstad, MP 92610;10002823
2745613985517847301;0524 Gina Center Apt. 842 Lewisport, UT 95471;10002832
2746270968642213530;Unit 7387 Box 1594 DPO AA 20100;10002839
2746516178007971113;8022 Oneal Way Suite 651 Tabithamouth, MA 86670;10002847
2747941484033861854;589 Antonio Hills Apt. 916 Woodsmouth, NJ 38321;10002856
2748202412984207164;5895 Brian Heights Apt. 173 New Brittneyfort, MH 30720;10002864
2749876910863845223;1136 Gray Drive Apt. 842 South Jamie, MA 67562;10002871
2749967490905030439;186 Michael Ports Hatfieldfurt, NY 00670;10002880
2750312601240161023;877 Poole Trail Apt. 921 New Lindseyfurt, RI 02663;10002889
2750463905153965876;817 Kelly Hill New Rachel, AL 89721;10002898
2751832746729638265;USNV Freeman FPO AE 47988;10002907
2752799193559637415;8128 Michael Ford Suite 200 West Lindahaven, AS 37981;10002912
2754119007101328287;916 Lori Oval Port Jermaineburgh, NH 12000;10002918
2754401257548815930;32996 Rodriguez Courts West Terri, NE 73410;10002925
2755766661075132775;998 Maxwell Squares New Belindaview, MS 94981;10002932
2757378055727195811;17489 Alex Turnpike Apt. 507 Fernandezton, LA 32067;10002941
2758192033637574280;16454 Paula Ramp Apt. 300 East Evan, NH 11282;10002950
2758925361349091126;279 Bell Vista South Richard, WY 23669;10002958
2760780052369918316;702 Jimenez Road Lake Carolynbury, KY 04287;10002967
2760841238998675468;5507 Raymond Way Suite 003 Patrickborough, ME 65418;10002973
2761282731137217824;23955 Silva Via South Juanmouth, MT 75241;10002978
2762179640831409329;79141 Morris Plain North Debra, SD 93978;10002986
2763413439516436533;860 Castillo Road Ramosfort, IL 02522;10002993
2764337104500899044;Unit 2123 Box 7840 DPO AP 26243;10002999
2765383383510430725;3392 Cook Trail Apt. 703 Combschester, AS 82386;10003008
2767507059533375470;3162 Thomas Loaf Keithton, LA 85327;10003014
2768431028821437548;22589 Robert Hollow Lake Melissa, NV 46440;10003022
2769564552249882145;2823 Bell Islands North Carolstad, NM 88354;10003027
2769945124542489731;6113 Ortiz Views South Jessicaland, WI 50525;10003034
2770683285519392359;179 Diaz Pines Apt. 153 West Timothychester, NV 67021;10003043
2771426145064392879;97553 Matthew Gardens Brookefort, UT 54042;10003051
2772776738236494743;60323 Deborah Manor Lake Raymondside, IL 94015;10003060
2774299201320985714;642 Bobby Mount Apt. 937 Port Evanville, MD 12771;10003068
2775203535809678836;49058 Lara Motorway Suite 640 West Amandaville, CA 02864;10003076
2776831306558998330;24777 Maldonado Vista Wadeland, MP 68713;10003082
2777004665712703139;547 Tony Radial Suite 797 Hudsonmouth, VA 84793;10003087
2780015765645854521;4440 Michael Square Apt. 924 Michaelside, HI 77114;10003093
2780623122168069296;739 Jones Road North Stephen, AL 73160;10003102
2782093772784101285;3883 Daniel Valleys West Carol, WA 09907;10003108
2782255876484212762;2941 Andrade Turnpike Suite 250 Kennethshire, ID 17316;10003114
2784577346291650684;93031 Sutton Trace Suite 656 Lake Andrew, HI 70590;10003122
2785650350698261406;557 Christian Divide Port Daniel, GA 21037;10003128
2786504133927744843;714 Garner Neck Suite 881 Davidfurt, LA 28425;10003135
2787030927344360062;999 Mann Wall Apt. 232 Finleyton, GA 52318;10003140
2787474000609629657;233 Barry View Apt. 645 Morgantown, VT 85811;10003146
2788183387479946210;3062 Joseph Parkway New Juan, WI 09135;10003153
2789167665425479237;22118 Sparks Mountains Leeville, MH 94727;10003159
2789498390171236376;4422 Lopez Loaf Michaelborough, RI 19187;10003164
2790006293169604461;744 Amanda Overpass Apt. 001 Johnsonville, FL 62055;10003173
2794338533002517518;1363 Vincent Bridge Apt. 927 Lake Johnshire, MO 88543;10003182
2795429250815542941;4386 Charles Curve Cherylbury, KS 85863;10003191
2796480504872412374;0285 Morse Rest Suite 177 West Angela, OH 34351;10003200
2797165858474485234;92951 Rebecca Lock Andreabury, VI 18423;10003208
2798026654960473566;8826 David Curve Suite 268 Jenniferchester, PR 72676;10003214
2798403953165246114;4955 Adam Square Carterport, PW 00637;10003223
2799275254060550860;98687 Julia Manors Melissaland, NE 56541;10003229
2803651789223895630;116 Olivia Springs West Andrewtown, SD 50041;10003234
2805031584864668848;170 Carter Ridges Apt. 382 Lake Kristenmouth, TX 52707;10003241
2809021309396334366;9903 Hodges Neck Suite 569 Port Jenniferbury, FM 59714;10003248
2809243748249930396;5057 Wilson Club Suite 331 New Karen, CT 91824;10003253
2809381320062854022;778 Yates Green Jayburgh, WV 55993;10003262
2811141340289124377;502 Lowery Drives Claudiaview, IL 93448;10003267
2811430860191089593;USNV Smith FPO AA 20680;10003273
2813906098857617798;29171 Brittney Place Hannahchester, AK 12493;10003278
2815379280325753908;761 Stacey Brooks Leblanctown, GA 79091;10003286
2818141170467758968;Unit 5770 Box 2805 DPO AP 31064;10003294
2820627258491898459;2149 Sean Garden Apt. 288 Port Racheltown, WI 08681;10003300
2821192533435319099;67696 Wolf Overpass Apt. 159 North Brianchester, CT 21532;10003309
2822543021917656162;60157 Edward Mission Lake Kimberlymouth, MH 57976;10003318
2822918492180548002;8521 Walsh Groves Adambury, CT 51697;10003326
2825813743541088783;11102 Peter Junction Suite 866 East Crystalbury, WY 54040;10003332
2826165100477591892;5829 Jacob Harbors Port Steven, MN 26758;10003338
2828312950236127527;168 Abbott Knoll Apt. 213 Lake Chrisport, MN 09135;10003343
2828817792344963198;4627 Bailey Cliffs Apt. 353 Dianefort, RI 75616;10003350
2829931275439574303;881 Stephens Estates Suite 528 West Michaelville, FM 93759;10003355
2829977098004262729;15910 Johnson Mountain Suite 310 Mikeport, AK 56320;10003360
2830777886693233303;0575 Martha Ramp Suite 559 West Sandra, TN 66086;10003369
2832853464263828904;58446 Warren Throughway Suite 231 Kathyland, DE 16701;10003377
2832981704468754648;013 Bowers Centers Suite 605 Port Tarafurt, MN 80352;10003385
2833243143008875838;90300 Williams Tunnel South Jenniferside, FM 16367;10003392
2833942959556262424;94190 Reynolds Crossroad Suite 522 Ellisberg, KY 77570;10003401
2834213991232714305;87585 Gillespie Spurs Apt. 228 Stevenville, AZ 77589;10003408
2836800585646221859;5065 Cole Curve North Cody, OR 53064;10003417
2837815824309270119;00817 Watson Place Apt. 399 Port Richard, NE 12916;10003424
2838015553405652878;8407 Johnson Via Suite 508 Markmouth, DC 59360;10003429
2838860180473276737;32430 Fred Lights Suite 439 Haleyfort, MN 38688;10003438
2839148517058252448;02716 Martinez Lodge South Courtney, NH 41391;10003444
2839469198057613736;Unit 6230 Box 9162 DPO AA 90208;10003453
2839475828213277854;7721 Wilson Wells Suite 261 Atkinsfurt, VI 36379;10003459
2839692524845001012;214 Stephen Dam Suite 487 Kleinbury, MT 05518;10003464
2841642321752800334;134 Robert Shoal Port Ross, AR 03371;10003471
2843323616101195374;4362 Angelica Streets Apt. 036 New David, VI 12877;10003480
2843544473062355479;19000 Darlene Falls Heathermouth, NE 74076;10003485
2843754128379048826;914 Cline Squares Riveramouth, KY 54517;10003491
2845710165663880424;3495 Teresa Islands Suite 041 Leeton, KS 95154;10003500
2846525755847424980;132 Debra Cliff Suite 645 Scottfort, MS 11382;10003508
2847768871126201938;92983 Gay Court Wendyfurt, AL 94021;10003514
2848031547501316081;537 Johnson Harbors Taylorfort, OK 29500;10003519
2849797095812911828;USCGC Jackson FPO AP 55829;10003525
2850487383219846834;307 Day Hill Ebonyside, GA 30897;10003531
2852221664537281496;067 Sanders Vista Lisaport, FL 87305;10003539
2853181629370764019;569 Davidson Oval Allenfurt, IN 27087;10003545
2855058441254309485;USNV Lara FPO AP 20650;10003553
2856839146582039015;3202 Megan Ferry Morganfurt, NH 37499;10003562
2857480656757110341;06907 Browning Circles Apt. 816 Jessicaburgh, MO 16370;10003568
2858257918814344218;3955 Hicks Brook Apt. 576 Thompsonchester, IA 92546;10003576
2862546825502949440;717 Kevin Gardens North Mauriceport, CO 07447;10003583
2865499117316454755;619 Amanda Greens New Michael, PR 75546;10003588
2867740140015809043;5968 John Ridges Port Chase, NH 23128;10003596
2868995239067473773;438 Aaron Landing West Julieton, MT 14725;10003604
2869088523743890302;5296 Cortez Drives Suite 349 Gillespiehaven, VI 18997;10003610
2872949190909941736;326 William Harbors Suite 730 Robertsstad, DC 14115;10003618
2873122844751428066;0456 Evans Mount Granthaven, OH 40975;10003623
2873744738422138716;USNS Greer FPO AA 33075;10003631
2873846070671050289;25863 Morrison Forks Apt. 591 New Jason, TX 80505;10003639
2874644813423800269;8994 Janice Circle Suite 079 Joemouth, VI 58342;10003647
2876344864567002290;50982 Jones Parks Apt. 311 Martinezville, TN 64582;10003655
2876855680608530902;5816 Gregory Streets Brownbury, NH 30503;10003663
2877345195770824852;802 Smith Coves Apt. 558 South Allenfurt, FM 78222;10003670
2883677488178913753;04793 Michael Expressway New Lauren, NE 35681;10003677
2886384970110328363;163 Chandler Overpass North Brent, AL 23096;10003683
2886902475708771406;266 Hudson Ridges Dawsonburgh, LA 92026;10003692
2887878440720845327;8813 Jessica Shoals Suite 391 Robertmouth, HI 50830;10003701
2888813829088672434;209 Haley Oval Apt. 665 Ianfort, LA 97631;10003708
2888996260088346539;25363 Collin Grove Suite 244 East Georgetown, CO 83926;10003714
2889621057221916124;93408 Todd Cliff East Chadhaven, TX 81297;10003720
2890392752463237126;026 Anderson Mews Suite 796 Smithtown, ID 22179;10003728
2893923771217158359;15488 Johnson Route Apt. 416 Andersonbury, TX 83356;10003733
2895277890463784572;70365 Corey Meadows Suite 606 Acostabury, MP 27897;10003741
2895354821390111578;444 Wagner Mountains Nathanielchester, WA 03025;10003749
2896213495621514978;3711 James Heights East Patriciastad, MO 85653;10003756
2896546480451420830;907 Megan Port Apt. 826 North Nathanshire, TN 26707;10003761
2898362021249379801;96649 Walker Court Suite 884 Donnaburgh, LA 60593;10003770
2898458311920739468;693 Hubbard Tunnel Kathleenton, MD 73453;10003775
2901377336912896091;9673 Perkins Shores Schultzhaven, ID 38124;10003780
2903754887475197440;877 Bryant Lock Apt. 582 North George, LA 98135;10003786
2907003895525375736;77158 Brooks Flat Apt. 710 North Johnnyfort, OH 99920;10003795
2907044222657499702;30752 Byrd Gardens Suite 780 Melindaton, VI 72484;10003800
2907716694785834268;3754 Kenneth Roads North Michelle, OH 54935;10003807
2909071950918709082;52625 Brooks Bypass Apt. 427 Schmidtside, OK 03831;10003814
2909592729211032671;48026 Ponce Falls New Cathymouth, DC 63598;10003823
2910288382875687546;71057 Brown Crescent Christopherton, FL 26217;10003829
2914494342375385328;576 Brian Crescent Port Sydney, ME 85801;10003837
2914928688749176928;59492 Joshua Light Suite 964 East Brittany, FL 96567;10003842
2915868095443244288;535 Patricia Inlet Suite 151 Moniquehaven, GU 36104;10003849
2916062315241307682;36840 Perkins Mews Apt. 045 Lake Steven, AL 43280;10003857
2917563313370703978;312 Sanchez Way West Jessica, KY 28223;10003864
2918734671305561817;USS Burns FPO AA 19918;10003873
2921212836177336121;53967 Haney Forks Apt. 704 South Sarah, AZ 79662;10003882
2921801752776901830;11576 Bruce Burg Apt. 500 Donnafurt, WA 73694;10003891
2923963705235764896;074 Zachary Radial Suite 054 West Daniel, VT 69309;10003900
2925174754091525429;PSC 6659, Box 3158 APO AP 99117;10003908
2926052039505228362;7641 Bryan Terrace Apt. 510 Nicholasmouth, WI 08604;10003915
2926266165494160878;2074 Jasmine Roads Apt. 203 Jacquelineburgh, OR 97732;10003922
2928754721058316873;169 Joshua Knolls Suite 148 Garytown, WA 46019;10003928
2929115693127082313;USS Diaz FPO AA 40611;10003935
2929311488878588501;6210 John Park Mayoville, VI 14763;10003943
2932098905898187474;1274 Melinda Park Suite 386 New Kara, GA 25937;10003948
2934034375448770810;39159 Mathis Corners Apt. 868 New Ashleyhaven, NC 96656;10003956
2935428192331535291;44478 Justin Lock Apt. 515 Lake Rachelchester, IN 38232;10003965
2935941810404255210;92221 Brown Island Apt. 546 Deborahview, MP 26993;10003970
2937665315798276289;PSC 3941, Box 3223 APO AA 11833;10003977
2938043819457038685;PSC 4366, Box 3833 APO AP 90994;10003984
2940590628419122959;87955 Schultz Well Suite 390 Lake Joshuabury, WA 66517;10003990
2941049554559619342;61629 Cynthia Union Suite 013 Smithbury, AR 08298;10003996
2941308040992752764;440 Bishop Radial Williamfort, AL 01071;10004001
2941899447425739417;USNS Lambert FPO AP 13713;10004006
2942002803829058394;95780 Amanda Springs Suite 596 Lake Andrewbury, AL 97728;10004015
2943452034841552082;Unit 9609 Box 8809 DPO AE 07456;10004024
2944103466628147945;53485 Sandra Route Apt. 763 Darleneton, IA 92204;10004032
2945726818471601584;9833 Donald Stravenue North Kathy, NH 32269;10004037
2948007743925189384;Unit 2427 Box 4839 DPO AA 38088;10004043
2950912231176622019;269 Megan Loaf Port Shawnchester, CO 54233;10004049
2952194191813710794;PSC 5747, Box 4385 APO AA 82152;10004054
2953292023085855434;658 Castillo Lodge Callahanberg, WA 37449;10004060
2957437137874369247;799 Espinoza Springs Apt. 915 Georgehaven, AK 68727;10004066
2957556147472352939;607 Bell Club North Richardtown, GU 31875;10004071
2957819966956575730;57118 Parker Trail West Tyler, CO 87228;10004076
2959269794328732927;5626 Barker River Suite 431 Ellisside, AZ 28129;10004084
2960430120362451548;26745 Walker Fork Davidside, UT 26008;10004092
2961215737561091949;4771 Robinson Island Suite 640 Watsonberg, IN 33246;10004098
2961371117322587277;USCGC Taylor FPO AP 16315;10004104
2961379239348733111;85959 Brian Fords Apt. 504 Espinozastad, IN 67918;10004113
2962055772051861995;19237 Pace Crossroad Nelsonville, AR 68683;10004120
2962707940884087547;Unit 9202 Box 8118 DPO AA 08831;10004126
2964756379085615065;6720 Oneill Garden Apt. 144 Mezaview, OK 21888;10004134
2964895352778838025;5771 Thomas Estates Suite 841 Reyesland, PR 27950;10004142
2966709369064626538;8206 Steven Valley Apt. 335 Williamsfort, GU 35117;10004150
2968075281937675848;USNS Wiley FPO AA 82387;10004158
2968103557830736052;PSC 4425, Box 9388 APO AP 97997;10004163
2968607710938075532;73556 Henry Burgs Apt. 497 Elizabethside, KS 24666;10004171
2969323703012293372;3786 Baker Crest Suite 880 Davidmouth, MA 80305;10004176
2969927588851793864;045 Robinson Pike Samanthaberg, NC 01408;10004184
2970002643972796706;11151 Wendy Square Suite 026 Contrerastown, WY 60919;10004192
2970722178574896728;4715 Cassandra Landing Apt. 645 Paulport, GU 86597;10004200
2970967790015458009;5565 Garrison Spur Whitneyfort, WV 58457;10004206
2971203766840554373;1891 Montgomery Rest Apt. 179 North Melanieshire, NH 28418;10004212
2972069427910846448;04931 Peterson Lights Apt. 478 Velezchester, WY 14034;10004217
2973552757605110117;Unit 5114 Box 8533 DPO AP 81529;10004222
2975151231768319038;5908 Gonzalez Cliffs West Melissa, OK 26670;10004228
2975622180578969647;0457 Erika Village Suite 936 Lake David, NH 44298;10004236
2976103589450260381;2237 Flores Bridge Beckyland, VA 33630;10004245
2977096137982705209;66399 Ramos Wall Suite 878 East Kristenberg, MA 36579;10004251
2977912324151047372;USCGC Johnson FPO AA 34112;10004260
2978247615990633879;90327 Mcdonald Courts Suite 439 West Devin, MT 95395;10004269
2978472102708737191;7799 Ewing Drive Suite 031 South Joelland, MN 48749;10004275
2978506428096707888;77046 Melton Shores Port Angelicaport, MT 41542;10004281
2981324606260956079;Unit 0442 Box 6116 DPO AE 79833;10004289
2981786774049880294;35666 Gary Row West Joseph, MS 28380;10004295
2984233482090546768;9519 Hall Shore Apt. 283 Rodriguezfurt, WV 34509;10004302
2984574589879105092;00821 Quinn Fall Suite 634 Port Douglas, VT 94954;10004310
2985077661103892674;PSC 0010, Box 8535 APO AE 82875;10004316
2985209866766518750;88276 Kenneth Expressway Apt. 196 Lambertmouth, VI 70735;10004325
2985704751964143320;934 Kelly Tunnel Apt. 256 Ericside, NV 38075;10004334
2986843158847053827;47522 Derrick Islands Suite 555 Tomfurt, OR 60962;10004341
2988006503220361487;4309 Vanessa Common Port Tinahaven, VT 43872;10004349
2992437860902810572;1400 Joseph Vista South Williamfort, OH 32179;10004354
2992524473733099458;03076 Sullivan Place Sharonview, FM 61877;10004362
2993798288600554979;67338 Lori Keys Suite 262 Christopherside, AK 76771;10004367
2993938805999132852;8608 Kristen Walks South Ronniemouth, MD 26742;10004374
2994462756246049877;70446 Nicholas Summit Suite 855 North Victoria, KS 66362;10004380
2994859152403493393;92656 Vang Course Apt. 035 Robertmouth, AK 20445;10004388
2995726035880975381;707 John Isle Baileytown, KY 60287;10004397
2996247883823059344;8142 Love Fords Suite 786 West Anthonyberg, NM 57208;10004403
2998249903307189183;14626 Glen Junctions Bartonshire, ID 95353;10004412
3002197341160510986;38440 Tina Ramp Sotoburgh, AK 13493;10004419
3003433795023665292;4791 Armstrong Place Ryanchester, WV 16510;10004424
3004635900112804345;5811 Watson Course Suite 521 Gutierrezstad, FM 31282;10004432
3004905566069130923;Unit 5394 Box 5981 DPO AP 73927;10004440
3006058991974300594;00035 Johnson Rapid Suite 181 Teresaton, WA 08898;10004446
3006087628796475181;PSC 9226, Box 8521 APO AA 28197;10004454
3006384964468454392;03862 Matthew Green Apt. 896 South Judithbury, MA 14524;10004463
3007150995946699895;40565 Jenkins Shoals Apt. 853 New Kristinview, TN 96920;10004470
3008539969292128441;2064 Trevino Burgs Suite 054 East Christinaland, VI 40917;10004477
3008729693320968537;Unit 9791 Box 0765 DPO AA 83528;10004485
3010683633223005803;2216 Fisher Springs Suite 778 Youngmouth, FL 86263;10004492
3010865200437169578;845 Wallace Square Suite 674 Sarahton, MN 41932;10004498
3011109554114472512;5690 Lucero Vista Jimmymouth, OK 24182;10004505
3011237415111714795;68296 Vaughn Forge South Monique, LA 93310;10004514
3011873274528692466;970 Parker Fords Victoriahaven, AK 10393;10004519
3013525888598497926;47581 Jennifer Shoals Suite 623 Port Rachel, TX 76242;10004526
3014900526677209262;177 Michelle Station Apt. 936 Hallchester, MH 61189;10004535
3015425891652475142;7834 Juan Points North Robertstad, TX 99726;10004544
3016112357816522946;6160 Ronald Trail Lewischester, PA 62024;10004551
3019815634466333145;28368 Pollard Trail Apt. 481 Lake Adam, DE 01869;10004556
3020023428343338493;PSC 0583, Box 1552 APO AA 44941;10004565
3022959872581447994;4683 Ashley Unions Leeberg, MI 80213;10004572
3023270279014424162;103 Mack Radial Apt. 418 Port Zacharychester, VT 43962;10004580
3025747821834341654;2162 Davis Meadow West Andrew, VI 81088;10004586
3026958544762563064;8793 Charles Lodge Apt. 468 North Jacquelineton, MA 90187;10004595
3028996441537660114;9513 Obrien Extensions Apt. 934 Robertfort, UT 85334;10004601
3029640965034561974;853 Jeremy Haven Scottberg, AK 80748;10004609
3033515388621289860;488 Nancy Glen South Brianchester, AL 09691;10004614
3038976610810258629;PSC 0564, Box 9893 APO AE 94970;10004620
3039290030283838514;8473 Meyer Ridges Turnerborough, WA 21381;10004626
3040532877773895238;USCGC Farmer FPO AP 71000;10004633
3041291783274731601;5112 Casey Greens Lindachester, KY 80002;10004640
3044919168557803590;647 Joseph Fields East Lauren, SC 07162;10004649
3045136116268542568;4406 Fletcher Meadows Suite 004 Leechester, UT 96959;10004656
3046435066885740886;466 Michael Mountain Suite 265 Davidsonland, HI 85455;10004662
3046570780386371245;792 Marco Isle Suite 610 West Jessicatown, GA 32893;10004671
3050714950836433015;85355 Samuel Stravenue North Ryan, TX 64163;10004678
3052499441274088736;PSC 1407, Box 4916 APO AA 33562;10004685
3054726294139330812;401 Kathy Crest Suite 476 Port Meganberg, PW 45897;10004691
3054926044867992508;21906 Nicolas Knolls Suite 419 South David, MS 72581;10004698
3057473001517984230;684 Prince Junction Suite 238 North Luismouth, NM 06273;10004703
3057717701012621487;060 Smith Roads Apt. 017 East William, TN 47376;10004708
3059159860137751585;255 Jack Villages Apt. 248 Port Loganhaven, IL 42151;10004717
3059796460730669229;Unit 7346 Box 0871 DPO AP 37187;10004725
3064994024046281417;PSC 6667, Box 5417 APO AP 44278;10004733
3065368552406049417;366 Michael Hollow Suite 856 Keymouth, MA 94294;10004742
3067859656557628391;366 Riley Road Bradleyshire, VT 57409;10004751
3070031608073319821;842 Dustin Estates East Marktown, OK 99112;10004759
3070779786572258413;314 Nguyen Ville Apt. 253 Scottbury, MO 80542;10004764
3070997201043915257;USNV Bean FPO AP 09994;10004773
3071422401289917281;8631 Wilkerson Vista Apt. 433 East Melissachester, PA 76988;10004782
3072270778323132674;676 Sara Ridges Suite 024 Chelseyside, WY 72680;10004790
3072935939285475232;70709 Melissa Village West Katherineberg, KY 16943;10004796
3072946267307168410;3571 Danielle Union Suite 548 Popeport, NJ 48508;10004804
3075070618751076136;Unit 4179 Box 4282 DPO AP 85706;10004811
3075843790290815753;69593 Albert Green Christopherbury, IA 61099;10004818
3077964170993746325;1894 Lee Pines Aliciamouth, VA 55209;10004827
3081314043400063344;146 Susan Stravenue Apt. 137 South Jaimestad, ME 37823;10004836
3081753904164083497;USNV Shaffer FPO AP 93610;10004842
3082746123423723788;3767 Williams Street Suite 358 Aguilarborough, NY 14401;10004847
3085297394769715739;784 Natasha Islands Vincentton, CO 71941;10004852
3085808214612764065;75376 Elliott Streets Suite 449 South Roberthaven, IA 75564;10004859
3086009291228400655;48930 William Drive East Michael, NY 51000;10004864
3086096044049751110;76344 Justin Pike Swansonbury, GU 92577;10004871
3086242186909552664;92998 Joshua Estate Apt. 972 Williamberg, NH 42266;10004878
3087224720522191198;0081 Copeland Mission Apt. 356 Bakerview, AK 71569;10004883
3088489830017907639;PSC 1932, Box 0032 APO AP 37980;10004890
3088651658753863709;57676 King Junctions Suite 725 East Shaneton, MD 02214;10004899
3089702407349023591;82681 Christopher Hills Apt. 308 Jamesport, AS 82088;10004905
3089978541847461525;Unit 5120 Box 8837 DPO AA 21128;10004910
3090748416478585526;USNS Moreno FPO AP 36939;10004918
3091633886052900409;50577 Johnston Crest Suite 616 Lake Kathryn, ND 69975;10004925
3091786138256598056;84643 Armstrong Island Apt. 761 Knoxside, NV 80309;10004934
3092651659339537780;512 Sanders Key Penningtonfurt, AR 65606;10004942
3093131418308783857;9551 Corey Knolls Suite 365 Ryanburgh, MS 10059;10004949
3095498197194976563;38058 Atkins Run South Kimburgh, PW 17116;10004954
3097583311510213319;437 Diana Passage South Bruce, ND 06127;10004962
3098673076523127123;21897 Felicia Summit Lisahaven, MT 35938;10004970
3099649157874734290;409 Sarah Ways New Aaron, NH 30586;10004976
3101604451752684347;7433 Baker Grove Suite 632 Dawnchester, IN 41465;10004982
3101611617246605615;282 Lauren Valley Berryfurt, FM 42085;10004989
3101746021298466713;9244 Patricia Canyon Apt. 737 West Jacqueline, NH 97227;10004994
3102479195840481773;PSC 7973, Box 4259 APO AA 49702;10005001
3102806602861735562;1902 Jeanne Stream Jenniferfurt, PR 12770;10005006
3104172742332368066;361 Perez Locks Nealside, VA 11249;10005012
3106278021433987159;PSC 0181, Box 4608 APO AP 29755;10005017
3106524510016543729;479 Frye Crest Mayfurt, FL 11122;10005022
3107331016605399845;1520 Miller Lakes Lake Johnburgh, CO 67269;10005031
3113916027697957022;05864 Jane Shores Port Diana, ND 34274;10005036
3116524612760241706;7766 Alice Roads Apt. 983 Port Stephenfurt, WV 13631;10005042
3116697144161175351;762 Joel Coves Victormouth, OR 14368;10005047
3117492552285643020;0011 Albert Field Suite 777 New David, OR 20973;10005056
3119846879650741973;001 Hobbs Centers Apt. 549 East Samuel, TN 09352;10005065
3120798603851331903;342 Garcia Extensions Angieview, IA 15397;10005074
3122207641789038042;5684 Patrick Locks Lake Tiffany, SC 69960;10005079
3122583727663355803;8162 Hawkins Causeway Bryantmouth, MH 45954;10005087
3122708872136789271;45244 Matthew Spring Markport, KS 14368;10005092
3123925297554503265;50771 Jessica Ridge New Mason, VI 27841;10005101
3124591485406386954;059 John Village Robinsonshire, OH 58938;10005107
3126762480916264793;5246 Spencer Turnpike Lake Susanchester, MN 48888;10005115
3128561968305990043;83116 Rodriguez Plain Lake Phillipburgh, AR 30949;10005121
3129072379256062994;04500 Michele Station Deckerborough, IA 36206;10005130
3129299041498475761;82144 Ayers Bridge Mariashire, WI 09390;10005138
3130693911067719498;99015 Haley Plain Lake Jamesshire, IN 73289;10005145
3130751971628884095;044 White Plain West Crystalmouth, MD 97399;10005154
3130839336383653879;603 Green Cliffs Apt. 403 East Kristophershire, NV 26035;10005162
3131491464717136130;0019 Boyd Club Suite 691 Robertview, DE 64419;10005169
3131535650068351914;94338 Megan Row Apt. 003 Jacobport, MI 25460;10005177
3131680879300809997;7673 Charlotte Camp Apt. 093 New Nathanton, AS 41645;10005182
3132142431770064776;Unit 1268 Box 7334 DPO AE 68964;10005189
3133619838165227293;Unit 4562 Box 6584 DPO AA 59879;10005195
3136097955041022286;7268 Tyler Greens East Heathermouth, OK 01439;10005204
3136214194589615608;3599 Moore Alley Suite 062 East Jameschester, VA 01108;10005211
3137030548509536158;9104 Teresa Estate Suite 720 Julieburgh, MA 96942;10005220
3137260667003119006;91713 Molly Land Apt. 589 Lake Randy, MP 28113;10005229
3142097325620619905;9468 Simon Prairie Apt. 493 Lake Tammymouth, KY 42276;10005237
3143494833189929013;07253 Moore Mountains Charlesmouth, CA 68890;10005245
3143674624388772682;20810 Smith Mews Robertmouth, NJ 21895;10005254
3144215357473458391;91201 Hailey Station New Jerry, NC 31706;10005260
3144836896097216312;19401 Davis Port Apt. 000 South Michael, WA 79586;10005265
3145352341753592042;141 Olsen Valleys North Dawnfurt, VI 61165;10005270
3145710064639418886;348 Ian Plaza Suite 704 South Blakeberg, FM 17972;10005278
3146028175489151854;438 Teresa Junction Suite 266 Randychester, ME 81625;10005285
3146427286501000823;0271 Charles Crossing New Morganfurt, UT 51648;10005291
3146587351570537505;USNS Lowe FPO AE 35580;10005300
3149925350662597974;977 Spencer Corners Apt. 898 Heathershire, MT 63708;10005307
3150593678935819847;3589 Mariah Meadows Apt. 611 Hicksmouth, VT 42460;10005315
3150857250410072449;645 Susan Manor Suite 649 East Heathertown, MP 47324;10005321
3152080456331002990;43267 Burch Fork Jamesburgh, MP 88764;10005326
3153736683072721713;USCGC Shepard FPO AP 59538;10005331
3154579491641088580;6497 Brown Land Suite 601 New Williamhaven, AS 08526;10005337
3154629163068824110;1243 Anna Radial Jacksonland, MA 92645;10005346
3155923989634128348;8356 Sosa Fields Harthaven, ID 21129;10005354
3158042012193665702;6039 Erin Inlet East Angelica, MT 25751;10005362
3158447184538916809;20985 Krista Road North Joseph, GA 02655;10005371
3158811673470653864;76777 Ashley Valley Apt. 689 Hardingview, KY 70303;10005380
3164199204245721752;107 Jessica Tunnel East Adamburgh, LA 09806;10005389
3164291752969337745;334 Catherine Camp Apt. 735 Codychester, MA 80954;10005397
3165056893311234114;Unit 5784 Box 5734 DPO AE 60903;10005403
3165798523598496933;USNS Carter FPO AP 20068;10005412
3166265435470310055;498 Hobbs Plains Apt. 138 Smithshire, VA 97944;10005419
3167017537001721040;27664 Rhonda Shores Suite 258 West Thomas, VA 61490;10005427
3167410993507066468;175 Payne Garden West Rachelfort, CT 18968;10005436
3167481087626129910;621 Anderson Prairie Russellville, MH 55965;10005445
3169970385389911959;8962 Joseph Mission West Duaneborough, LA 50365;10005453
3170835622285462932;086 Roth Shoals Suite 719 New Dawnton, VI 63333;10005461
3172678851310785930;872 Keith Gardens Patrickmouth, VT 30808;10005470
3173183483438152740;0187 Bradford Lane Apt. 146 Johnberg, IL 27455;10005477
3174991287698329065;90335 Reed Lake Apt. 061 Maryland, AZ 81657;10005485
3178196507609860529;644 Wright Island Larabury, SC 41776;10005492
3179359097109114798;303 John Stream Apt. 836 Keithfort, IL 92174;10005500
3181396528052408829;0142 Susan Hill Suite 838 Crystalstad, MP 06336;10005508
3182691078127006456;4761 Francis Road Suite 942 New Robertland, MS 87563;10005515
3185657744030190211;Unit 3167 Box 1165 DPO AE 14459;10005521
3186347812126497520;672 Eric Prairie Suite 796 Patrickstad, MS 45510;10005530
3186663699765481710;5967 Duncan Locks Apt. 562 West Feliciamouth, AS 16754;10005538
3187029305635332736;Unit 2725 Box 8031 DPO AA 74270;10005546
3187096808437614474;USS Harper FPO AP 15503;10005553
3187604105796213776;PSC 7671, Box 6239 APO AA 84153;10005559
3190853420053065616;67069 Watkins Via South Jeremymouth, WV 95470;10005566
3192382172430730383;9321 Harris Wells Suite 560 Lake Williammouth, NH 79881;10005575
3193527013632753493;115 Kristy Heights South Jacqueline, ND 90404;10005584
3193574894961361251;501 Smith Wells Danielbury, NJ 69009;10005593
3195909809306163047;964 Evans Ville Suite 862 East Carlos, RI 31003;10005601
3200089737055998211;1463 Devin Path Suite 265 Townsendshire, CT 78984;10005609
3200282934502108417;866 Mary Square Port John, VI 48759;10005616
3200292658098054727;9568 Leonard Centers Olsonstad, TX 36981;10005625
3200350351013822730;504 Dustin Walk Watsonfurt, NE 57797;10005630
3202866275596658111;78679 Jaclyn Road Apt. 929 Wattsborough, ID 96982;10005637
3203766145381770811;23322 Jonathan Route North Cesar, MT 70675;10005644
3204495843422395671;0692 Amanda Brook Suite 936 North David, MP 67687;10005650
3206162404737718571;694 Daniel Square Schneiderside, NJ 96412;10005655
3206929409888512448;5411 Bowman Shoals Suite 977 New Codyfort, WY 01762;10005662
3207581166415403600;056 Rowe Trace Suite 735 Cameronstad, MD 73480;10005671
3208530872639607641;932 Pugh Fields North Micheleton, PW 66495;10005678
3209141462312102094;179 Miller Street Suite 695 Hoffmanview, CA 37972;10005686
3211254599216345669;00082 Stone Roads Apt. 497 Johnsonstad, MH 59561;10005693
3211309940180618870;Unit 4223 Box 0099 DPO AE 85649;10005698
3211697467472081181;25061 Blanchard Wells Apt. 350 Mcdonaldburgh, AK 24352;10005705
3215304077748483537;3793 Wesley Inlet Hawkinsville, MN 67281;10005712
3216547264920003251;70042 Kelly Circles Apt. 104 Port Jenna, AR 23316;10005717
3216692063208161338;8904 Michael Turnpike Mitchellborough, DC 20166;10005725
3218139656540301601;7907 Snyder Brooks Suite 657 West Michelle, UT 35067;10005731
3219146508258996002;51381 Michelle Pines Port Kimberly, VT 00909;10005738
3220983467786471676;554 Jeremy Streets Suite 285 Perezshire, MN 57722;10005745
3221161323937990188;97250 Gregory Prairie Apt. 756 Portermouth, PR 96812;10005751
3222296329010057828;8867 Christopher Grove East Kimberlyville, MI 29075;10005756
3224068312289138436;6881 Alvarado Overpass Suite 670 South Heather, DC 87920;10005765
3224674594996825228;40536 Tyler Station Garyland, MH 56720;10005774
3225627852117264593;50970 Ross Vista Apt. 904 Reyesland, OR 74139;10005781
3226498239497561778;Unit 3513 Box 5533 DPO AA 55813;10005788
3229792550232548931;PSC 1057, Box 7142 APO AA 76018;10005794
3229975990908428898;7532 Brianna Avenue Ortizland, ME 83427;10005800
3230287472724256847;107 Keith Oval Duffymouth, PR 64775;10005805
3231499262239250954;091 Galloway Groves Suite 986 East Seanland, PR 81562;10005811
3231653056130651498;414 Douglas Mall South Johnmouth, GA 69312;10005820
3232010678487439374;413 Larson Ridge Suite 809 Lake Theresa, ND 99257;10005828
3232877621492639078;27699 Reyes Isle Transhire, SD 05052;10005836
3233012960957630701;6342 Knox Crossroad Debrachester, DE 62141;10005845
3234064186854127381;74597 Harrington Lodge Suite 043 Port Mark, ME 26199;10005851
3234668535418878055;028 Dixon Manors Suite 326 Lake Nancy, AL 21121;10005858
3238007532500501846;505 Johnson Club Laurenstad, TX 54300;10005863
3238901146151912653;85485 Guzman Brooks Doyleland, NE 98745;10005870
3240360433477584057;Unit 2917 Box 1262 DPO AE 49030;10005875
3240585366841970130;65030 Collins Brook West Rhonda, FL 21031;10005880
3241048567631166662;72879 Kelly Mills Gonzalesburgh, MI 11786;10005889
3241302401513457666;3606 Martin Village Suite 753 Ryanchester, TN 06915;10005897
3242580951974526556;99545 Patty Skyway Apt. 253 Jenniferview, VA 47790;10005906
3243679571252216459;04773 Montoya Ports Chavezmouth, WY 70297;10005915
3244128443604583447;8772 James Mount Jennifermouth, IL 04639;10005920
3244540966935756852;PSC 2147, Box 9769 APO AE 93607;10005926
3245859797591798369;9086 Timothy Radial Apt. 236 Sarahhaven, UT 99342;10005931
3246393009257686412;51104 Peter Terrace Apt. 035 Dunnside, ND 30135;10005939
3246628406669669601;355 Julie Alley Apt. 743 Frankland, PW 01786;10005945
3248878913371138990;720 Williams Lake Apt. 988 New Christopher, ID 66151;10005954
3249772307891551065;39510 Sabrina Centers Baileyfurt, VA 09625;10005961
3250322877616229655;4714 Ortiz Vista Colemouth, GU 91467;10005970
3250665318794852241;1389 Michael Heights Lake Josephborough, WI 33793;10005979
3251143495624147265;195 Johnson Squares Suite 378 Matthewsmouth, MN 37229;10005985
3251242123297756753;86286 Samantha Springs New Kelsey, WV 43554;10005992
3252677513706019819;7277 Estes Track North Davidton, MH 02341;10006000
3253695546741642627;1399 Hunt Orchard Samuelside, CT 27589;10006008
3255757483557919196;52409 Stephen Island Apt. 959 North Willie, DC 31746;10006014
3256044068257430798;76664 Salazar Lock Apt. 283 Combsmouth, KS 03319;10006021
3256559372369722342;80048 Brown Freeway Apt. 018 Baileyhaven, RI 08386;10006030
3257439102395224131;373 Levy Street Apt. 978 Jerryland, ME 67002;10006036
3257641663190570006;4948 Andrea Creek East Gregory, PR 49623;10006044
3259415192651218366;975 Katherine Lodge Apt. 750 Rogerschester, AR 03492;10006050
3267889650565340685;020 Mcknight Forges Suite 015 Port Lauren, NY 24078;10006058
3269289088827129267;36067 Christopher Islands Goodland, ND 91753;10006065
3269577562379184942;36539 Cristian Road West Petermouth, WV 47883;10006073
3269777310793705223;2262 Bass Mill Phillipton, MT 85159;10006078
3270644628409736772;9368 Austin Burgs Oliviaview, MS 86874;10006087
3272895175659489156;5663 Joseph Crest Emilyberg, OH 95291;10006093
3273973498175957363;206 Whitehead Gardens Apt. 614 North Paul, WV 92225;10006098
3281721900234397199;063 Sarah Haven Suite 486 Heathertown, ME 64342;10006105
3281937646394519420;253 Scott Drives Tiffanychester, NE 95765;10006110
3282487957252749814;5537 Baker Glen Scotthaven, NM 21638;10006116
3283655328675107516;46355 Arnold Island Suite 299 Rogersmouth, AL 47334;10006122
3284231773708219014;Unit 2416 Box 0799 DPO AP 15250;10006127
3287479715179200303;4547 Henderson Garden Apt. 854 Hollyview, WY 91090;10006133
3290083809411677326;76696 Ochoa Lakes South Samantha, AS 20982;10006138
3291327212506930401;32383 Johnston Spring Kellymouth, OH 86567;10006143
3291593349771402806;32138 Samantha Villages Apt. 237 Pamelaville, FM 33061;10006148
3294182567928851442;38344 Sanders Vista Suite 536 North Kelseyburgh, KY 06387;10006154
3297379766087350951;11890 Hurst Course Apt. 684 Tamarabury, MN 14155;10006161
3297605277601177245;6989 Henry Parkway North Kellyfurt, AZ 97615;10006166
3297614573289229225;6238 Jackson Bridge Christinafurt, MA 47010;10006171
3297788995224086879;884 Seth Ville Apt. 252 North Donmouth, NC 58825;10006179
3298511800861902400;48409 Patterson Green Apt. 973 New Amanda, MI 94651;10006186
3299049273219292958;7068 Griffin Cliff Apt. 717 North Jonathan, LA 47885;10006193
3301202472421893959;97640 Sean Mountains Geraldstad, VA 64175;10006198
3304011743381278910;21966 Alan Brook Port Emilyland, NM 87551;10006204
3306326416031369349;582 Foster Forges Apt. 706 Mirandafurt, NV 20881;10006213
3307462445585955338;9661 Duran Ways Apt. 084 Thomaston, NJ 88148;10006218
3308160583529058611;Unit 4273 Box 6320 DPO AP 76561;10006225
3308722986530538189;872 Powell Well Mcguirefurt, OH 12736;10006231
3309114358572322231;8849 Mcmillan Pine North Daniel, AZ 53687;10006236
3309607067756139143;21176 Sims Inlet Apt. 671 Port Hunter, LA 09780;10006242
3310283913085152077;03205 Jonathan Island Apt. 553 South Ellen, MN 53573;10006250
3314710155076617231;058 Peter Trail South Brendaport, AR 24315;10006257
3315381422024632803;159 Case Neck Steveview, MH 95997;10006264
3315879624782745482;796 Serrano Gardens Suite 596 Amychester, WY 29712;10006272
3316450222981210908;28699 Heather Row South Ashleyhaven, MO 88714;10006279
3316798998265328519;52728 Wilson Ranch Suite 697 Housemouth, GA 53477;10006285
3316985985249144415;202 Craig Extension Sanchezchester, NY 50164;10006291
3318022347784013199;3643 Melissa Drive West Jennifer, GU 62509;10006296
3318223440296769616;768 Carol Lane Lake Jay, MA 84071;10006301
3318664334485810003;91950 James Plaza Apt. 168 Bretthaven, NE 24464;10006309
3320433574899084967;2768 Frey Pine Kimberg, ME 83115;10006314
3322479848798360368;561 Leonard Road Smithview, ID 36497;10006321
3323558465043195137;82396 Regina Road Apt. 034 Pricefort, TN 26376;10006329
3324953460962047451;5579 Harrison Circle Markton, NV 82252;10006338
3325318990528949395;03020 Anderson Village Apt. 917 Albertshire, VT 97743;10006345
3334629401985991875;8105 Benjamin Route Port Madisonchester, MO 25627;10006352
3334868985140535872;61888 Ortega Viaduct Dominiqueberg, OK 79428;10006358
3335050425935183701;7076 Carrie Mall Butlerville, WA 96013;10006366
3336362632109162189;537 Sandra Isle Port Luke, FM 98466;10006375
3338651677557743240;Unit 9314 Box 9568 DPO AE 16545;10006380
3339234298176273925;95193 Terri Heights New Joshua, LA 92571;10006388
3341567369753723919;980 Morse Pine Apt. 004 Port Pamelachester, ND 95413;10006395
3342697492389881817;Unit 0701 Box 7508 DPO AP 78996;10006400
3342949598186081463;987 Gregory Point Suite 589 South Mario, SC 37790;10006408
3344187377267868803;447 Matthew Prairie Suite 193 New Marcus, OH 41979;10006415
3345001873975388268;628 Jones Ridge Port Shannon, MS 02194;10006422
3345476741724171461;2349 Amber Shoal Mannchester, FM 28125;10006427
3346353143794435695;Unit 4325 Box 1251 DPO AE 21971;10006432
3347464564030006480;317 Michael Burgs West Davidfort, DC 44243;10006440
3348432983033325016;2653 Bryant Drives East Anthonystad, NM 02738;10006447
3349100225580530854;723 Karen Key Apt. 104 North Coreyberg, IL 10393;10006453
3351749703343932323;755 Michael Village Suite 317 South Dawnbury, IL 45841;10006460
3352526463256803463;28166 Diaz Path North Elaine, AS 02475;10006467
3353101343090888419;968 George Glens Apt. 358 East Jillshire, MI 35162;10006472
3353253157862642570;2972 Jennifer Greens Port Chelseaside, DC 30471;10006479
3353711923436795384;93406 Kristine Villages North Bethany, HI 85166;10006485
3354701149331849568;8120 Diane Underpass Suite 607 Myersburgh, SC 33185;10006494
3355098704854604890;835 Kirsten Rue Suite 950 Andersonstad, LA 02365;10006499
3356741764195116083;USS Mcclain FPO AA 30889;10006507
3358315519590175940;52961 Alexander Brooks Apt. 905 Ashleybury, IA 26289;10006516
3360815393848682476;14145 Michael Fort Jefferyborough, SC 65670;10006524
3362366900335174280;71077 Rhonda Knoll Apt. 712 New Jordanchester, MN 80512;10006529
3362910600350702454;74378 Lewis Freeway Suite 461 North Donnatown, MH 92669;10006538
3363127759432083547;18898 Tammy Spurs Suite 750 Lake Tracyport, NV 69690;10006544
3363717571891728679;136 John Road Apt. 967 Mercerton, ND 29728;10006552
3365385593761040217;6177 Paul Club Robersonfurt, VT 99135;10006560
3366547862477886630;489 Jason Ford Rebeccaside, SD 57491;10006566
3366683977999474971;541 Carter Plain Apt. 820 Vincentton, SC 61843;10006571
3366904168767683712;959 Kevin Spurs Port Benjamin, MD 83765;10006580
3368756653753894248;423 Benjamin Route Apt. 733 Dylanland, IL 90059;10006589
3368940545270832614;5233 Price Plaza Ianland, RI 93054;10006597
3369548457395487751;119 Greene Loop Apt. 440 Thomasport, NM 05671;10006602
3370144173294951284;63005 Melanie Mill South Charles, NM 62838;10006609
3375978147524469588;39385 Andrea Plains Suite 217 East Johnport, VA 94755;10006617
3378165557575859592;862 Susan Camp Apt. 316 New Margaretshire, NV 83744;10006626
3380685083036410859;03725 Sanchez Village Suite 593 Port Lisa, NH 33604;10006633
3381109089381717254;USNS Rogers FPO AP 92656;10006642
3382188614738709580;135 Susan Forest West Christopherbury, PA 27035;10006647
3384177554956947346;8977 Lopez Spring Sherrishire, CA 26596;10006656
3385027281159075513;001 Harding Mountains North Michaelfort, AS 15591;10006663
3386606714503440116;9565 Knight Neck Lake Jessica, NC 01103;10006671
3389043011833968964;USNV Mcclure FPO AP 74401;10006676
3389224109464062686;4268 Katie Lane South Jamesport, PR 43212;10006683
3389484731372482557;74312 Hurst Estate Apt. 755 Harrishaven, WV 84165;10006690
3391232688416642114;3038 Brooks Run Apt. 499 Lake Danielport, LA 82665;10006696
3391336495953664355;Unit 4807 Box 4219 DPO AE 36014;10006705
3391464509725361687;963 Collin Pike Brownville, MN 84911;10006711
3391833053074717334;767 Green Hollow Suite 503 Griffinshire, MS 69440;10006718
3392248961615745272;557 Boyle View Suite 775 Jasonmouth, WI 85659;10006725
3393434696889987966;34113 Scott Glens Johnstad, CO 34050;10006730
3395519282083068161;6779 Bradley Islands Apt. 386 Harmonburgh, NV 15837;10006735
3398611169684901766;233 Natalie Corner Wongland, GA 85457;10006744
3399830296312228659;2358 Ellison Villages Suite 426 East Brandon, LA 73913;10006751
3400013486814090271;1283 Olivia Landing Robertport, MO 87278;10006757
3402116064649683004;09078 Thomas Locks Apt. 439 Patrickport, OK 67477;10006765
3402380218284617932;97413 Nunez Road Hoovershire, VT 52485;10006773
3402451878309883880;518 Kyle Falls Hoside, ID 34244;10006780
3404936872536477752;17187 Katrina Prairie Suite 411 Ericashire, KS 34015;10006789
3405340471104973554;8140 Lee Fall New Karenbury, PA 77971;10006797
3406321584562821985;55068 Pamela Drives Suite 090 Hessborough, AZ 70841;10006802
3408130143801837435;PSC 9023, Box 4140 APO AE 34394;10006811
3408476087781784948;4561 Lisa Greens South Jenniferland, DC 25095;10006817
3409910190944674672;257 Rodriguez Gateway Apt. 985 Evanside, NV 33806;10006826
3411132539633498772;88878 Steele Walks Apt. 799 West Stephanie, MA 35719;10006834
3412227208838694337;59802 Carrie Mountain Traceyside, MP 37266;10006839
3412281240927591978;89133 Martin Row Robinsonton, IA 84319;10006845
3412462680253605531;55682 Jones Shoals East Travisside, CA 68353;10006850
3416370660055225122;3885 Jennifer Pass Apt. 146 Melindafort, MI 52020;10006857
3416667461411909265;047 Wilson Shoal Apt. 740 Clarkchester, AL 04409;10006862
3417091090554592541;732 Emily Camp North Benjaminberg, GU 06755;10006869
3419933009181928253;7281 William Rapids Apt. 065 Duncanview, UT 61267;10006878
3420964469205010595;652 Morrow Canyon Robinsonton, IA 39657;10006884
3422275550991101999;87099 Jordan Rapids Suite 887 Deleonview, SD 14829;10006889
3422521503713727546;20788 Pam Forest Mauricemouth, FM 80478;10006894
3423985841543534556;3186 Jennifer Street Jonathanfurt, GA 91764;10006902
3424827716842605722;44783 Christopher Fort Port Cynthia, CA 51543;10006910
3425477082925307238;839 Juarez Path Tranborough, WA 68143;10006916
3427437729640807827;48921 Rosario Pine Suite 909 Mosleyside, LA 87943;10006924
3427716730017946041;68098 Margaret Alley Suite 897 East William, SD 32865;10006933
3428332586394406511;6771 Murphy Valleys South Nancyside, NV 60229;10006939
3428979145371278243;85908 Oconnor Circle Millerport, PR 47613;10006948
3430171549041938011;25947 Cheryl Throughway West Wendyville, IN 72650;10006953
3432288165233135739;Unit 1672 Box 1317 DPO AA 50909;10006962
3432734429896614818;USNS Savage FPO AE 92005;10006969
3432816617831970782;Unit 6782 Box 2890 DPO AP 52400;10006974
3435128707869511239;67816 Ryan Branch Apt. 882 South Joycefurt, GU 66309;10006982
3436381873053874647;31026 Mcgrath Garden Apt. 688 Lake Linda, MA 96496;10006987
3438626667278577565;666 Dawn Squares South Kristen, SC 57691;10006992
3438855962360146732;03331 Marsh Causeway Apt. 144 East George, VI 26464;10007001
3439810148429386331;0690 Harris Plain Lake Jenniferberg, IL 85607;10007009
3440158763620182769;952 Palmer Burgs Robinshire, FM 29897;10007014
3440325223665988334;69477 Cook Ways Weissfurt, MI 00992;10007022
3440620994836130876;Unit 3050 Box 6145 DPO AE 63327;10007029
3443926373605385611;2188 Wanda Inlet Apt. 827 South Maria, SC 21308;10007038
3445614539085889250;2988 Ball Dam New Morgan, MH 01335;10007043
3446616016318416103;9589 Maria Place Lake Kayla, PA 97900;10007050
3447618951304474093;3131 Leblanc Motorway Kimberlybury, AS 22943;10007057
3448264824066077156;92977 Johnson Spur South Kerrymouth, IA 47191;10007066
3452022694844055311;283 Rivas View Jaystad, AL 56828;10007072
3453665674666303113;05038 Amanda Junction Simmonsstad, AR 90449;10007081
3455784846636818650;USNV Allen FPO AA 63205;10007086
3456892350882734500;6098 Angela Expressway Haletown, ND 39450;10007093
3457852124983454633;4688 Richard Village Suite 115 Port Kevinhaven, VI 61909;10007100
3458333126429769127;851 Shah Lights Port Cynthiahaven, ID 40945;10007105
3460682463431894208;1823 Matthew Center Apt. 311 Darlenebury, ID 09320;10007111
3461146785116934904;771 Brown Plain Apt. 113 Randyberg, DE 86028;10007116
3462473608782364647;9671 Chelsea Heights South Stephen, AK 39058;10007122
